{
  "accuracy": 0.7934782608695652,
  "precision": 0.8137254901960784,
  "recall": 0.8137254901960784,
  "f1": 0.8137254901960784,
  "roc_auc": 0.8653754184600669
}